Title,Video ID,Artist,Song
Ariana Grande - we can't be friends (wait for your love) (official music video),KNtJGQkC-WI,Ariana Grande,we can't be friends (wait for your love) (official music video)
Jordan Adetunji - KEHLANI REMIX (feat. Kehlani) [Official Video],EeJ8n5PxFGE,Jordan Adetunji,KEHLANI REMIX (feat. Kehlani) [Official Video]
Taylor Swift - Fortnight (feat. Post Malone) (Official Music Video),q3zqJs7JUCQ,Taylor Swift,Fortnight (feat. Post Malone) (Official Music Video)
"Clean Bandit, Anne-Marie, David Guetta ‚Äì Cry Baby (Official Video)",P6OgpKqb-HA,Unknown,"Clean Bandit, Anne-Marie, David Guetta ‚Äì Cry Baby (Official Video)"
Miley Cyrus - Flowers (Official Video),G7KNmW9a75Y,Miley Cyrus,Flowers (Official Video)
Shawn Mendes - Why Why Why (Official Music Video),0M1UCYRZAtM,Shawn Mendes,Why Why Why (Official Music Video)
Benson Boone - Beautiful Things (Official Music Video),Oa_RSwwpPaA,Benson Boone,Beautiful Things (Official Music Video)
Sabrina Carpenter - Please Please Please (Official Video),cF1Na4AIecM,Sabrina Carpenter,Please Please Please (Official Video)
Katy Perry - LIFETIMES (Official Video),vRkSjkGkhbE,Katy Perry,LIFETIMES (Official Video)
"Lady Gaga, Bruno Mars - Die With A Smile (Official Music Video)",kPa7bsKwL-c,"Lady Gaga, Bruno Mars",Die With A Smile (Official Music Video)
Shawn Mendes - Why Why Why (Official Music Video),0M1UCYRZAtM,Shawn Mendes,Why Why Why (Official Music Video)
Upahaar - Swoopna Suman (Official M/V),4wIXoekdbsI,Upahaar,Swoopna Suman (Official M/V)
*NSYNC - Bye Bye Bye (Official Video from Deadpool and Wolverine),Eo-KmOd3i7s,*NSYNC,Bye Bye Bye (Official Video from Deadpool and Wolverine)
Hozier - Too Sweet (Official Lyric Video),aezstCBHOPQ,Hozier,Too Sweet (Official Lyric Video)
Attack on Titan Season 4 Ending (with lyrics),Aa6hslBAQaw,Unknown,Attack on Titan Season 4 Ending (with lyrics)
Pink Floyd ‚Äì Time (Official Audio),Qr0-7Ds79zo,Unknown,Pink Floyd ‚Äì Time (Official Audio)
Vinland Saga Ending 2 Full„Äémilet - Drown„Äè„Äêwith Lyrics„Äë,QuXBo4_prB0,Vinland Saga Ending 2 Full„Äémilet,Drown„Äè„Äêwith Lyrics„Äë
Beat It - Michael Jackson (Lyrics),8fO8jVZ3T9g,Beat It,Michael Jackson (Lyrics)
Eurythmics - Sweet Dreams (Lyrics),bG9z-atG7gc,Eurythmics,Sweet Dreams (Lyrics)
Green Day - Boulevard of Broken Dreams (Lyrics),51XzW98wEDg,Green Day,Boulevard of Broken Dreams (Lyrics)
Mitski - My Love Mine All Mine (Official Video),vx4kLgnFexo,Mitski,My Love Mine All Mine (Official Video)
Laufey - From The Start (Official Music Video),lSD_L-xic9o,Laufey,From The Start (Official Music Video)
EL KANKA - QUE BELLO ES VIVIR (versi√≥n ac√∫stica),57Cr9W-dEb8,EL KANKA,QUE BELLO ES VIVIR (versi√≥n ac√∫stica)
Oasis - Don't Look Back In Anger (Official Video),r8OipmKFDeM,Oasis,Don't Look Back In Anger (Official Video)
Arctic Monkeys - Do I Wanna Know? (Lyrics),PUL2mVdt3xo,Arctic Monkeys,Do I Wanna Know? (Lyrics)
The Weeknd - I Feel It Coming ft. Daft Punk (Official Video),qFLhGq0060w,The Weeknd,I Feel It Coming ft. Daft Punk (Official Video)
The Heart of Life - John Mayer,AsAzxYW_ZGk,The Heart of Life,John Mayer
Mazzy Star - Fade Into You (Official Music Video),ImKY6TZEyrI,Mazzy Star,Fade Into You (Official Music Video)
Look On Down From The Bridge,p3NZn0mA_XI,Unknown,Look On Down From The Bridge
Kali Uchis - Melting (Lyrics),DhvbyEOq2u0,Kali Uchis,Melting (Lyrics)
Ap Dhillon - With You (Lyrics),fe9udc210tM,Ap Dhillon,With You (Lyrics)
tere bina - Zaeden | ft. Amyra Dastur | Kunaal Vermaa | VYRLOriginals |¬†Romantic Songs 2019,UX2Xx4LIKSA,tere bina,Zaeden | ft. Amyra Dastur | Kunaal Vermaa | VYRLOriginals |¬†Romantic Songs 2019
Evanescence - Bring Me To Life (Lyrics),s8ZXJ5QUYvQ,Evanescence,Bring Me To Life (Lyrics)
Deftones - My Own Summer (Shove It) - Lyrics,Mya37pvO0LM,Deftones,My Own Summer (Shove It) - Lyrics
When I Come Around - Green Day (LYRICS),6A0FkxTotmk,When I Come Around,Green Day (LYRICS)
System of a down - Toxicity - Lyrics,lAg6IZc_uuU,System of a down,Toxicity - Lyrics
Bon Jovi - You give love a bad name - lyrics,S9tKwSboJeg,Bon Jovi,You give love a bad name - lyrics
Metallica whisky in the jar lyrics,FKzIumyKhqQ,Unknown,Metallica whisky in the jar lyrics
Brett Young - In Case You Didn't Know (Official Music Video),7qaHdHpSjX8,Brett Young,In Case You Didn't Know (Official Music Video)
Bless The Broken Road,FaQHyHwFgeg,Unknown,Bless The Broken Road
You Make It Easy,qUM5khpq02g,Unknown,You Make It Easy
Dido - Thank You (Official Video),1TO48Cnl66w,Dido,Thank You (Official Video)
Sushant KC - Sarangi (Official Music Video),Sh8ZYHnb86c,Sushant KC,Sarangi (Official Music Video)
Oasis Thapa - Bhikhaari,q29MxRthrVM,Oasis Thapa,Bhikhaari
Santana Right Now(Beyond Appearances),6iID4GN27DA,Unknown,Santana Right Now(Beyond Appearances)
Libianca - People (Official Video),rJWdfDPZ9Ck,Libianca,People (Official Video)
Alexi Murdoch - Home,oR5zlVq72cA,Alexi Murdoch,Home
Madonna - Material Girl (Lyrics) Cause we are living in a material world,KapHTsjh_Nw,Madonna,Material Girl (Lyrics) Cause we are living in a material world
Florence + The Machine - Dog Days Are Over (Lyrics),cIXQjSo4GCE,Florence + The Machine,Dog Days Are Over (Lyrics)
Radiohead - Creep,XFkzRNyygfk,Radiohead,Creep
Sleep On The Floor || The Lumineers Lyrics,SkTZu9oPN6E,Unknown,Sleep On The Floor || The Lumineers Lyrics
The Walters - I Love You So,kYNTrRVHNmk,The Walters,I Love You So
Riruru & Pippo ‚Äå‚Äå‚Äç„ÄåAMV„Äç[Japanese /Hindi /Remix],vf6d-QWyRto,Unknown,Riruru & Pippo ‚Äå‚Äå‚Äç„ÄåAMV„Äç[Japanese /Hindi /Remix]
„ÄêOfficial„ÄëUru „ÄéÁ¥ô‰∏ÄÈáç„Äè TV„Ç¢„Éã„É°„ÄåÂú∞ÁçÑÊ•Ω„Äç„Ç®„É≥„Éá„Ç£„É≥„Ç∞„ÉÜ„Éº„Éû,x60xR0TEQ88,Unknown,„ÄêOfficial„ÄëUru „ÄéÁ¥ô‰∏ÄÈáç„Äè TV„Ç¢„Éã„É°„ÄåÂú∞ÁçÑÊ•Ω„Äç„Ç®„É≥„Éá„Ç£„É≥„Ç∞„ÉÜ„Éº„Éû
The Weeknd - Starboy (Lyrics) ft. Daft Punk,xizN47Box_Y,The Weeknd,Starboy (Lyrics) ft. Daft Punk
"Your Name opening ""Dream Lantern"" extended",dOf604WUgD8,Unknown,"Your Name opening ""Dream Lantern"" extended"
Kimi no Na wa (Your Name) - Ending song,tuY5BuKKrl4,Kimi no Na wa (Your Name),Ending song
Dororo - Ending 2 Full„ÄéYamiyo„Äèby Eve,O8vi_D89weo,Dororo,Ending 2 Full„ÄéYamiyo„Äèby Eve
Dororo Ending Full„Äéamazarashi - Sayonaragokko„Äè„ÄêENG Sub„Äë,-SjrlKsibqM,Dororo Ending Full„Äéamazarashi,Sayonaragokko„Äè„ÄêENG Sub„Äë
Dororo Opening Full„ÄéZiyoou-vachi - Kaen„Äè,9Q1rTavZBJo,Dororo Opening Full„ÄéZiyoou,vachi - Kaen„Äè
OneRepublic - I Ain't Worried (Lyrics),42oK5vjD2UU,OneRepublic,I Ain't Worried (Lyrics)
The Weeknd - The Hills,yzTuBuRdAyA,The Weeknd,The Hills
"The Weeknd, Ariana Grande - Die For You (Remix / Lyric Video)",YQ-qToZUybM,"The Weeknd, Ariana Grande",Die For You (Remix / Lyric Video)
The Weeknd - Out of Time (Official Video),2fDzCWNS3ig,The Weeknd,Out of Time (Official Video)
The Weeknd - Save Your Tears (Official Music Video),XXYlFuWEuKI,The Weeknd,Save Your Tears (Official Music Video)
The Weeknd - Reminder (Official Video),JZjAg6fK-BQ,The Weeknd,Reminder (Official Video)
The Weeknd - DIE FOR YOU (Lyrics),CVw7iulcI98,The Weeknd,DIE FOR YOU (Lyrics)
The Weeknd & Ariana Grande - Save Your Tears (Remix) (Official Video),LIIDh-qI9oI,The Weeknd & Ariana Grande,Save Your Tears (Remix) (Official Video)
The Weeknd - Blinding Lights (Lyrics),XwxLwG2_Sxk,The Weeknd,Blinding Lights (Lyrics)
The Weeknd - Acquainted (Lyrics),7NWugLX3aCs,The Weeknd,Acquainted (Lyrics)
Red Hot Chili Peppers - Snow (Hey Oh),KvlqclaxyP4,Red Hot Chili Peppers,Snow (Hey Oh)
Stephen Sanchez - Until I Found You (Lyrics),GhQxrCrVSyw,Stephen Sanchez,Until I Found You (Lyrics)
Eminem - Till I Collapse (Motivation video) 2021,7rneuiWxDY0,Eminem,Till I Collapse (Motivation video) 2021
Celine Dion - My Heart Will Go On  (HD),A3QAqZQYLIQ,Celine Dion,My Heart Will Go On  (HD)
James Blunt - You're Beautiful (Official Music Video) [4K],oofSnsGkops,James Blunt,You're Beautiful (Official Music Video) [4K]
Sean Hayes - Garden,y7Du5zfWFnA,Sean Hayes,Garden
Eminem - Lose Yourself (Lyrics),tR1ECf4sEpw,Eminem,Lose Yourself (Lyrics)
Survivor - Eye Of The Tiger (Lyrics),_qDML_BCju8,Survivor,Eye Of The Tiger (Lyrics)
Queen ‚Äì Bohemian Rhapsody (Official Video Remastered),fJ9rUzIMcZQ,Unknown,Queen ‚Äì Bohemian Rhapsody (Official Video Remastered)
Hideyoshi - MajinahanashiÔºàOfficial VideoÔºâ,9a3sPzbG68I,Hideyoshi,MajinahanashiÔºàOfficial VideoÔºâ
Lana Del Rey - Summertime Sadness (Official Music Video),TdrL3QxjyVw,Lana Del Rey,Summertime Sadness (Official Music Video)
Earned It - The Weeknd (Lyrics) üéµ,nHG3bdZ3p78,Earned It,The Weeknd (Lyrics) üéµ
"Pitbull, Afrojack - Maldito Alcohol",MTHqYmCRNDg,"Pitbull, Afrojack",Maldito Alcohol
ZAYN - Still Got Time (Official Video) ft. PARTYNEXTDOOR,cHOrHGpL4u0,ZAYN,Still Got Time (Official Video) ft. PARTYNEXTDOOR
Hai Rama Ye Kya Hua Live by Hariharan,8YdXb2SgUFY,Unknown,Hai Rama Ye Kya Hua Live by Hariharan
Analyse audio song with lyrics from The Prestige movie,kDsQIZi6_7Q,Unknown,Analyse audio song with lyrics from The Prestige movie
Freddie Dredd - Limbo (Lyrics),yl6rhI20YgU,Freddie Dredd,Limbo (Lyrics)
Sajjan Raj Vaidya - Dhairya [Official Release],6FEsFvZ-hqY,Sajjan Raj Vaidya,Dhairya [Official Release]
Mercedes Benz - Cobweb | Tuborg Open Sessions,E_ZX0ARiRms,Mercedes Benz,Cobweb | Tuborg Open Sessions
Bagaicha - Ktaharu,8swVD4mGsKE,Bagaicha,Ktaharu
Gerry Rafferty - Baker Street (Lyrics),ZPX3L44TdS4,Gerry Rafferty,Baker Street (Lyrics)
"Grailz Beni - It's Not So Bad (tiktok version) | "" It reminds me that it's not so bad """,Z98dLCElfys,Grailz Beni,"It's Not So Bad (tiktok version) | "" It reminds me that it's not so bad """
Brodha V - Aathma Raama [Lyric Video],SdxSQlk4Bws,Brodha V,Aathma Raama [Lyric Video]
Sam Smith - I'm Not The Only One (Lyrics),NijFpBWCxmc,Sam Smith,I'm Not The Only One (Lyrics)
Imagine Dragons x J.I.D - Enemy (from the series Arcane League of Legends),D9G1VOjN_84,Imagine Dragons x J.I.D,Enemy (from the series Arcane League of Legends)
Imagine Dragons - Bones (Official Music Video),TO-_3tck2tg,Imagine Dragons,Bones (Official Music Video)
"Jasiah - Crisis (Lyrics) | and i'm swervin in the streets, ay get the f outta my way",KTjes82A6ik,Jasiah,"Crisis (Lyrics) | and i'm swervin in the streets, ay get the f outta my way"
Iraq Lobster (Family Guy) (Guitar Tabs),PtiGUzt-rTo,Unknown,Iraq Lobster (Family Guy) (Guitar Tabs)
Mike Posner - I Took A Pill In Ibiza (Seeb Remix) (Explicit),foE1mO2yM04,Mike Posner,I Took A Pill In Ibiza (Seeb Remix) (Explicit)
The Weeknd - Call Out My Name (Official Video),M4ZoCHID9GI,The Weeknd,Call Out My Name (Official Video)
Passenger | Let Her Go (Official Video),RBumgq5yVrA,Unknown,Passenger | Let Her Go (Official Video)
Sathi - Sushant KC (Official Lyrics Video),6LdoXZoh7tA,Sathi,Sushant KC (Official Lyrics Video)
"John Denver - Take Me Home, Country Roads (Lyrics)",uu7j_xljCRY,John Denver,"Take Me Home, Country Roads (Lyrics)"
ROCKHEADS | RANGA |,U5syMIJ5JRA,Unknown,ROCKHEADS | RANGA |
Ed Sheeran - Eraser [Official Audio],OjGrcJ4lZCc,Ed Sheeran,Eraser [Official Audio]
Purna Rai - Manaka kura,dJ4fqBkc56A,Purna Rai,Manaka kura
Ariana Grande - I know we be so complicated (boyfriend) (Lyrics) ft. Social House,-rXv0dIhHEw,Ariana Grande,I know we be so complicated (boyfriend) (Lyrics) ft. Social House
Talk - Why Don't We [Official Music Video],Y15MOr9saxE,Talk,Why Don't We [Official Music Video]
Sambodhan (Audio/Lyrics) | 1974AD,wqlwwQiyZTU,Unknown,Sambodhan (Audio/Lyrics) | 1974AD
Fin Argus & Sabrina Carpenter - Fix Me Up (Lyrics) (From the Disney+ Original Movie 'Clouds'),YkakzheHJUQ,Fin Argus & Sabrina Carpenter,Fix Me Up (Lyrics) (From the Disney+ Original Movie 'Clouds')
Fin Argus & Sabrina Carpenter - Clouds (Lyrics) (From the Disney+ Original Movie 'Clouds'),OzMupKnflrM,Fin Argus & Sabrina Carpenter,Clouds (Lyrics) (From the Disney+ Original Movie 'Clouds')
Naoki Urasawa's Monster Opening | Remastered in 1080p,EYdCd00TJhI,Unknown,Naoki Urasawa's Monster Opening | Remastered in 1080p
David Sylvian -  For the Love of Life (Monster Ending Theme) LYRICS,ruQsv709MA0,David Sylvian,For the Love of Life (Monster Ending Theme) LYRICS
Sun Rai - San Francisco Street,9zEl-FQLI4A,Sun Rai,San Francisco Street
P. Tchaikovsky - Pas de Deux ('The Nutcracker'),YR5USHu6D6U,P. Tchaikovsky,Pas de Deux ('The Nutcracker')
–¢—ë–º–Ω–∞—è –Ω–æ—á—å - Temnaya Noch - (Dark Night) - Piano Version,IJS7M3J2Xos,–¢—ë–º–Ω–∞—è –Ω–æ—á—å,Temnaya Noch - (Dark Night) - Piano Version
Eleni Karaindrou - By The Sea ( 1998 ),0pjJLwiB0Nk,Eleni Karaindrou,By The Sea ( 1998 )
Alice Merton - Why So Serious (Official Video),45Fvy5h38KI,Alice Merton,Why So Serious (Official Video)
Take your trench coat- Soviet WW2 Song,eCVm4l1WFMs,Unknown,Take your trench coat- Soviet WW2 Song
Tchaikovsky - Valse Sentimentale,rUuusqy50yk,Tchaikovsky,Valse Sentimentale
Milky Chance - Stolen Dance (Official Video),iX-QaNzd-0Y,Milky Chance,Stolen Dance (Official Video)
Kashmir - Surfing The Warm Industry,5-441uxB7Zw,Kashmir,Surfing The Warm Industry
Stuck In the Sound - Let's Go [Official Video],52Gg9CqhbP8,Stuck In the Sound,Let's Go [Official Video]
Sadhai Sadhai Mantra | Official Music Video,3tQZIkWXUXM,Unknown,Sadhai Sadhai Mantra | Official Music Video
Sam Smith - I'm Not The Only One (Official Music Video),nCkpzqqog4k,Sam Smith,I'm Not The Only One (Official Music Video)
YOASOBI - Racing Into The Night Lyrics (JPN_ROM_ENG),xtfXl7TZTac,YOASOBI,Racing Into The Night Lyrics (JPN_ROM_ENG)
Galileo Galilei - Aoi Shiori,T3bxbVGWy5k,Galileo Galilei,Aoi Shiori
Alice Merton - No Roots,PUdyuKaGQd4,Alice Merton,No Roots
U2 - With Or Without You (Official Music Video),ujNeHIo7oTE,U2,With Or Without You (Official Music Video)
Money Heist - Soundtrack (My Life is Going On) - Cecilia Krull,HkjaFXNEcvE,Money Heist,Soundtrack (My Life is Going On) - Cecilia Krull
The Killers - Mr. Brightside (Official Music Video),gGdGFtwCNBE,The Killers,Mr. Brightside (Official Music Video)
Eric Carmen - All by Myself (Audio),iN9CjAfo5n0,Eric Carmen,All by Myself (Audio)
The Offspring - Pretty Fly (For A White Guy) (Official Music Video),QtTR-_Klcq8,The Offspring,Pretty Fly (For A White Guy) (Official Music Video)
"Tujhse Naraz Nahi Zindagi (Lyrics) - | Lata Mangeshkar #RIP | R.D. Burman, Gulzar | Masoom 1983",9u-DCn0wDVI,Tujhse Naraz Nahi Zindagi (Lyrics),"| Lata Mangeshkar #RIP | R.D. Burman, Gulzar | Masoom 1983"
blink-182 - What's My Age Again? (Official Music Video),K7l5ZeVVoCA,blink,182 - What's My Age Again? (Official Music Video)
Oasis - Wonderwall (Official Video),6hzrDeceEKc,Oasis,Wonderwall (Official Video)
Neil Young - Heart of Gold (Lyrics),6OrofA5U-lY,Neil Young,Heart of Gold (Lyrics)
Father and Son (lyrics) - Cat Stevens,JCQVnSOFqfM,Father and Son (lyrics),Cat Stevens
Sum 41 - Pieces (Official Music Video),By7ctqcWxyM,Sum 41,Pieces (Official Music Video)
The 100 music 3x13 - Radioactive - Koda,x4jRPwAgwzA,The 100 music 3x13,Radioactive - Koda
U2 - Bad,l2puvI4IfG0,U2,Bad
Vance Joy  - We're Going Home [Official Video],qETfaJXx22g,Vance Joy,We're Going Home [Official Video]
Soundgarden - Black Hole Sun,3mbBbFH9fAg,Soundgarden,Black Hole Sun
Fever - Peggy Lee,JGb5IweiYG8,Fever,Peggy Lee
All Too Well / Taylor Swift (Lyrics),_DMGOiA9Yj0,Unknown,All Too Well / Taylor Swift (Lyrics)
The Coasters   Sh Boom Life Could Be A Dream,jEP224Sa4Rw,Unknown,The Coasters   Sh Boom Life Could Be A Dream
Sushant KC - Yaad Ft. Brijesh Shrestha,68ZJ5SZEElA,Sushant KC,Yaad Ft. Brijesh Shrestha
Selena Gomez - Only You (Lyric Video),T2urfFpDX1c,Selena Gomez,Only You (Lyric Video)
ZAYN - LIKE I WOULD,pTaqcGz2O5o,ZAYN,LIKE I WOULD
The Lumineers - Ophelia,pTOC_q0NLTk,The Lumineers,Ophelia
Sasha Alex Sloan - Dancing With Your Ghost (Lyric Video),Qzc_aX8c8g4,Sasha Alex Sloan,Dancing With Your Ghost (Lyric Video)
PALAYE ROYALE - Punching Bag (Official Music Video),0WzprXZGoLs,PALAYE ROYALE,Punching Bag (Official Music Video)
Finn - In Luv with U,HiHJl0IeU_8,Finn,In Luv with U
samiian - cry on cue pls,xVvWn0dUMHc,samiian,cry on cue pls
"Vansire - Lonely Zone (feat. Mellow Fellow, Ruru, & Paul Cherry)",Z8-6Kn38D9g,Vansire,"Lonely Zone (feat. Mellow Fellow, Ruru, & Paul Cherry)"
Vansire - That I Miss You (Official Music Video),CG-Qco4zs_s,Vansire,That I Miss You (Official Music Video)
Vansire - Nice To See You (feat. Floor Cry),IX0vZK_l7tU,Vansire,Nice To See You (feat. Floor Cry)
Vansire - Metamodernity,bR9pcz7NzTk,Vansire,Metamodernity
Nachahe ko Hoina - The Edge Band I Jeewan Gurung,0j4XhaDjDEE,Nachahe ko Hoina,The Edge Band I Jeewan Gurung
Sushant KC - Behos,XbM6PyRsJc4,Sushant KC,Behos
Sushant KC - Risaune Bhaye,cNBmzxE6Jf0,Sushant KC,Risaune Bhaye
Rain Jewels feat. Lilla My - Mess,lmH-r_XccGc,Rain Jewels feat. Lilla My,Mess
Rebelution - Feeling Alright,V6cMkhhqn6k,Rebelution,Feeling Alright
Fleetwood Mac - Dreams [with lyrics],mrZRURcb1cM,Fleetwood Mac,Dreams [with lyrics]
Vance Joy - Riptide (Lyrics),lYoWuaw5nSk,Vance Joy,Riptide (Lyrics)
"Calvin Harris, Sam Smith - Promises (Official Lyric Video)",dTQMd2I3drE,"Calvin Harris, Sam Smith",Promises (Official Lyric Video)
Sean Hayes - Powerful Stuff (Run Wolves Run),Zbu7pJWvEeY,Sean Hayes,Powerful Stuff (Run Wolves Run)
Sublime - What I Got (Official Music Video),0Uc3ZrmhDN4,Sublime,What I Got (Official Music Video)
America-A Horse With No Name Lyrics,1iiDp6ga_qQ,Unknown,America-A Horse With No Name Lyrics
One Punch Man OST - Peaceful Days (Original),nVhu1CiwmNA,One Punch Man OST,Peaceful Days (Original)
Neil Diamond - Sweet Caroline Lyrics,jzXt7YvK9Hw,Neil Diamond,Sweet Caroline Lyrics
Hozier - Cherry Wine,SdSCCwtNEjA,Hozier,Cherry Wine
Bimbaakash- Najeek [Lyrical Video],AMRGmAh2NTk,Unknown,Bimbaakash- Najeek [Lyrical Video]
Winter Aid - The Wisp Sings,TOsJasWO_Jc,Winter Aid,The Wisp Sings
"benny blanco, Halsey & Khalid ‚Äì Eastside (official video)",56WBK4ZK_cw,Unknown,"benny blanco, Halsey & Khalid ‚Äì Eastside (official video)"
Blonde Redhead - For the Damaged Coda,4Js-XbNj6Tk,Blonde Redhead,For the Damaged Coda
Main Jahaan Rahoon (Full Audio Song) - Namastey London - Akshay Kumar - Rahat Fateh Ali Khan,dovWTFlRIWs,Main Jahaan Rahoon (Full Audio Song),Namastey London - Akshay Kumar - Rahat Fateh Ali Khan
Adele - Someone Like You (Official Music Video),hLQl3WQQoQ0,Adele,Someone Like You (Official Music Video)
Harry Styles - Sign of the Times (Official Video),qN4ooNx77u0,Harry Styles,Sign of the Times (Official Video)
Harry Styles - As It Was (Official Video),H5v3kku4y6Q,Harry Styles,As It Was (Official Video)
ZAYN - Tightrope (Lyrics),G0AMNHFvxVw,ZAYN,Tightrope (Lyrics)
Guns N' Roses - Sweet Child O' Mine (Official Music Video),1w7OgIMMRc4,Guns N' Roses,Sweet Child O' Mine (Official Music Video)
Gnarls Barkley - Crazy (Official Video) [4K Remaster],-N4jf6rtyuw,Gnarls Barkley,Crazy (Official Video) [4K Remaster]
Ôº∑ÔΩàÔΩÅÔΩî„ÄÄÔº∑ÔΩèÔΩïÔΩåÔΩÑ„ÄÄÔº©„ÄÄÔº§ÔΩè„ÄÄÔº©ÔΩÜ„ÄÄÔºπÔΩèÔΩï„ÄÄÔº∑ÔΩÖÔΩíÔΩÖÔΩéÔºáÔΩî„ÄÄÔº®ÔΩÖÔΩíÔΩÖÔºü,52LJ-1FXTSw,Unknown,Ôº∑ÔΩàÔΩÅÔΩî„ÄÄÔº∑ÔΩèÔΩïÔΩåÔΩÑ„ÄÄÔº©„ÄÄÔº§ÔΩè„ÄÄÔº©ÔΩÜ„ÄÄÔºπÔΩèÔΩï„ÄÄÔº∑ÔΩÖÔΩíÔΩÖÔΩéÔºáÔΩî„ÄÄÔº®ÔΩÖÔΩíÔΩÖÔºü
JVKE - this is what falling in love feels like (Lyrics),YmXZW4MA9DI,JVKE,this is what falling in love feels like (Lyrics)
Pecos & The Rooftops - This Damn Song (Official Video),PXb58im7qDY,Pecos & The Rooftops,This Damn Song (Official Video)
"Andy Grammer ""Fine By Me"" Official Video",f28WViN6k9o,Unknown,"Andy Grammer ""Fine By Me"" Official Video"
COIN - I Don't Wanna Dance (Audio),OWr5FawT2Ks,COIN,I Don't Wanna Dance (Audio)
COIN - Talk Too Much (Video),KWxM_zLJGsU,COIN,Talk Too Much (Video)
COIN - Boyfriend (Audio),wkjSpojVgNg,COIN,Boyfriend (Audio)
Sunsetz - Cigarettes After Sex,5-rbSNzU_b8,Sunsetz,Cigarettes After Sex
Cigarettes After Sex - Heavenly // lyrics,IEhlEd3LIws,Cigarettes After Sex,Heavenly // lyrics
Sweet - Cigarettes After Sex,pZ31pyTZdh0,Sweet,Cigarettes After Sex
Affection - Cigarettes After Sex,5soixb2U6xM,Affection,Cigarettes After Sex
Too - I couldn't love (ft. Shiloh Dynasty),XG19j5bk2Eg,Too,I couldn't love (ft. Shiloh Dynasty)
"Sawaar Loon Full Song (LYRICS) - Monali Thakur | Lootera | Amit Trivedi, Amitabh Bhattacharya",5HpdHKFNr8I,Sawaar Loon Full Song (LYRICS),"Monali Thakur | Lootera | Amit Trivedi, Amitabh Bhattacharya"
Ruth B. - Dandelions (Lyrics),WgTMeICssXY,Ruth B.,Dandelions (Lyrics)
Coda - Fighting Gold Creditless FullHD,p5X8Z-jvsHI,Coda,Fighting Gold Creditless FullHD
Pharrell Williams - Happy (Video),ZbZSe6N_BXs,Pharrell Williams,Happy (Video)
Led Zeppelin  Immigrant Song  Lyrics.,17CsLvJS4cc,Unknown,Led Zeppelin  Immigrant Song  Lyrics.
Cat Stevens - Wild World (Lyrics),69kTbYNZvtY,Cat Stevens,Wild World (Lyrics)
Vance Joy - Georgia [Official Audio],l0XRlNZbQFE,Vance Joy,Georgia [Official Audio]
Jeremy Zucker - scared (Lyrics),iyEUvUcMHgE,Jeremy Zucker,scared (Lyrics)
Jidenna - Classic Man ft. Roman GianArthur,nsiN0W15w0U,Jidenna,Classic Man ft. Roman GianArthur
Eminem - Without Me (Official Music Video),YVkUvmDQ3HY,Eminem,Without Me (Official Music Video)
dArtagnan - Was wollen wir trinken,WiR-5swzlvE,dArtagnan,Was wollen wir trinken
M√•neskin (Italy Eurovision 2021) ‚ÄúI Wanna Be Your Slave‚Äù & ‚ÄúZitti E Buoni‚Äù  | Wiwi Jam at Home,ssDtj1uL1Go,Unknown,M√•neskin (Italy Eurovision 2021) ‚ÄúI Wanna Be Your Slave‚Äù & ‚ÄúZitti E Buoni‚Äù  | Wiwi Jam at Home
Avril Lavigne - Bite Me (Official Video),ciqUEV9F0OY,Avril Lavigne,Bite Me (Official Video)
Eminem ft Rihanna - Love the way you lie  LYRICS,JiUNTdFX8G8,Eminem ft Rihanna,Love the way you lie  LYRICS
Before You Exit - Silence (Official Audio),7t4qnH8tpd4,Before You Exit,Silence (Official Audio)
Attack on Titan Season 4 - Ending Full„ÄéShock„Äèby Yuko Ando,5Per60XwWoU,Attack on Titan Season 4,Ending Full„ÄéShock„Äèby Yuko Ando
Attack on Titan Season 4 Part 2 - Ending Full„ÄéAi Higuchi - Akuma no Ko„Äè,--5mDlhaD8c,Attack on Titan Season 4 Part 2,Ending Full„ÄéAi Higuchi - Akuma no Ko„Äè
My Hero Academia Season 5 - Ending 2 Full„ÄéUso ja Nai„Äèby Soushi Sakiyama,ziWal65Z5r8,My Hero Academia Season 5,Ending 2 Full„ÄéUso ja Nai„Äèby Soushi Sakiyama
Oliver Tree - Life Goes On (Lyrics),fjMZ96SMfYA,Oliver Tree,Life Goes On (Lyrics)
Eminem - Lose Yourself [HD],_Yhyp-_hX2s,Eminem,Lose Yourself [HD]
Guardians of the Galaxy: Awesome Mix (Vol. 1 & Vol. 2) (Full Soundtrack),Kt-tLuszKBA,Unknown,Guardians of the Galaxy: Awesome Mix (Vol. 1 & Vol. 2) (Full Soundtrack)
10. Rupert Holmes - Escape (The Pi√±a Colada Song),TazHNpt6OTo,10. Rupert Holmes,Escape (The Pi√±a Colada Song)
Vultures - John Mayer,1gqk6fIZwMI,Vultures,John Mayer
"Louis Tomlinson - Back to You (Official Video) ft. Bebe Rexha, Digital Farm Animals",-HjpL-Ns6_A,Louis Tomlinson,"Back to You (Official Video) ft. Bebe Rexha, Digital Farm Animals"
James Bay - Let It Go,GsPq9mzFNGY,James Bay,Let It Go
James Bay - Hold Back The River,mqiH0ZSkM9I,James Bay,Hold Back The River
Khalid - Saved (Audio),Dyg32hMf7Fk,Khalid,Saved (Audio)
Air on the G String - aire sobre la cuerda de sol (audio),7fO0FVazma8,Air on the G String,aire sobre la cuerda de sol (audio)
Mozart - Requiem,Zi8vJ_lMxQI,Mozart,Requiem
Usher - My Boo (Lyrics) ft. Alicia Keys,RVjERXrdues,Usher,My Boo (Lyrics) ft. Alicia Keys
Ruel - Hard Sometimes (Lyrics),KIharY1LFDQ,Ruel,Hard Sometimes (Lyrics)
Powfu - Death Bed (Lyrics) ft. beabadoobee | don't stay awake for too long,u99AklNGpyc,Powfu,Death Bed (Lyrics) ft. beabadoobee | don't stay awake for too long
French Montana - Unforgettable ft. Swae Lee,DrzGIoIUFCk,French Montana,Unforgettable ft. Swae Lee
Eminem ft. Rihanna - The Monster (Explicit) [Official Video],EHkozMIXZ8w,Eminem ft. Rihanna,The Monster (Explicit) [Official Video]
MKTO - Classic (Official Video),4Ba_qTPA4Ds,MKTO,Classic (Official Video)
Meghan Trainor Ft John Legend Like I'm Gonna Lose You Lyrics,le1beNegYQE,Unknown,Meghan Trainor Ft John Legend Like I'm Gonna Lose You Lyrics
Shiloh Dynasty Relax Music With Rain 1 Hour,04sG8yfkmvs,Unknown,Shiloh Dynasty Relax Music With Rain 1 Hour
Active Child - Cruel Word lyrics,VwhfCGe-r18,Active Child,Cruel Word lyrics
Marshmello - Silence (Lyrics) ft. Khalid,4oXgCJf4hf8,Marshmello,Silence (Lyrics) ft. Khalid
Hot Chelle Rae - Tonight Tonight (Official Video),QzlNFcT2aOE,Hot Chelle Rae,Tonight Tonight (Official Video)
Tokyo Revengers - Opening Full„ÄéCry Baby„Äèby Official HIGE DANdism,IW0xruff7Hc,Tokyo Revengers,Opening Full„ÄéCry Baby„Äèby Official HIGE DANdism
Jujutsu Kaisen - Opening Full„ÄéKaikai Kitan„Äèby Eve,i1P-9IspBus,Jujutsu Kaisen,Opening Full„ÄéKaikai Kitan„Äèby Eve
Sasuke's Revolution Theme - Junkyousha,iXJ4HZ3-248,Sasuke's Revolution Theme,Junkyousha
"Shawn Mendes, Justin Bieber - Monster",MPbUaIZAaeA,"Shawn Mendes, Justin Bieber",Monster
Dean Lewis - Waves (Official Video),dKlgCk3IGBg,Dean Lewis,Waves (Official Video)
Snow Patrol - Chasing Cars (Official Video),GemKqzILV4w,Snow Patrol,Chasing Cars (Official Video)
Apocalypse - Cigarettes After Sex,sElE_BfQ67s,Apocalypse,Cigarettes After Sex
NF - The Search,fnlJw9H0xAM,NF,The Search
Avril Lavigne - Complicated (Official Video),5NPBIwQyPWE,Avril Lavigne,Complicated (Official Video)
Led Zeppelin - Over The Hills And Far Away,Ee33FsDANk0,Led Zeppelin,Over The Hills And Far Away
Plain White T's - Hey There Delilah,h_m-BjrxmgI,Plain White T's,Hey There Delilah
The Black Crowes - She Talks To Angels (Official Video),H58gMiQQRm0,The Black Crowes,She Talks To Angels (Official Video)
Eric Clapton - Layla (acoustic),Q_L-0Ryhmic,Eric Clapton,Layla (acoustic)
Creedence Clearwater Revival - Have You Ever Seen The Rain (Official),u1V8YRJnr4Q,Creedence Clearwater Revival,Have You Ever Seen The Rain (Official)
Extreme - More Than Words (Official Music Video),UrIiLvg58SY,Extreme,More Than Words (Official Music Video)
Green Day - Good Riddance (Time of Your Life) [Official Music Video] [4K UPGRADE],CnQ8N1KacJc,Green Day,Good Riddance (Time of Your Life) [Official Music Video] [4K UPGRADE]
Birseko Chaina - Swoopna Suman (Official Release),I356arGY1xk,Birseko Chaina,Swoopna Suman (Official Release)
DJ Bishow - K Huncha Bhanera ft. Yabesh Thapa (Official Music Video),t-3QiJuBshA,DJ Bishow,K Huncha Bhanera ft. Yabesh Thapa (Official Music Video)
Renai Circulation„ÄåÊÅãÊÑõ„Çµ„Éº„Ç≠„É•„É¨„Éº„Ç∑„Éß„É≥„ÄçÊ≠å„Å£„Å¶„Åø„Åü„ÄêÔºä„Å™„Åø„Çä„Çì„Äë,uKxyLmbOc0Q,Unknown,Renai Circulation„ÄåÊÅãÊÑõ„Çµ„Éº„Ç≠„É•„É¨„Éº„Ç∑„Éß„É≥„ÄçÊ≠å„Å£„Å¶„Åø„Åü„ÄêÔºä„Å™„Åø„Çä„Çì„Äë
AURORA - Runaway (Lyrics),9LGXATiZEKs,AURORA,Runaway (Lyrics)
monty datta - sing to you (ft. shiloh),9pgPdKxUtqQ,monty datta,sing to you (ft. shiloh)
Giveon - Heartbreak Anniversary (Official Music Video),uWRlisQu4fo,Giveon,Heartbreak Anniversary (Official Music Video)
Oasis Thapa - Aparichit Bhaawanaa,-Yx7akG0lFo,Oasis Thapa,Aparichit Bhaawanaa
Hoobastank - The Reason (Official Music Video),fV4DiAyExN0,Hoobastank,The Reason (Official Music Video)
Pink Floyd - Wish You Were Here,IXdNnw99-Ic,Pink Floyd,Wish You Were Here
Kamisama Hajimemashita - Hanae +Lyrics,QbkCfGJoZ5g,Kamisama Hajimemashita,Hanae +Lyrics
Black Clover Ending 10 Full„ÄéNew Page„Äèby INTERSECTION | Lyrics,HIWRy9ib3RM,Unknown,Black Clover Ending 10 Full„ÄéNew Page„Äèby INTERSECTION | Lyrics
Black Clover Opening 10 Full„ÄéVickeblanka - Black Catcher„Äè,8-6tfOK47uc,Black Clover Opening 10 Full„ÄéVickeblanka,Black Catcher„Äè
X Ambassadors - Unsteady (Lyrics),pFjryf8zH_M,X Ambassadors,Unsteady (Lyrics)
Sting - Shape of My Heart (Leon),QK-Z1K67uaA,Sting,Shape of My Heart (Leon)
Trevor Daniel - I Don't Know (Lyrics),iWbKdmFhce8,Trevor Daniel,I Don't Know (Lyrics)
Joji - SLOW DANCING IN THE DARK,K3Qzzggn--s,Joji,SLOW DANCING IN THE DARK
ZAYN - Better (Official Video),NAo38Q9c4xA,ZAYN,Better (Official Video)
ZAYN - Outside (Audio),lMKxLeBaQbU,ZAYN,Outside (Audio)
ZAYN - Vibez (Official Video),VSpgaN3wuag,ZAYN,Vibez (Official Video)
flora cash - You're Somebody Else (Lyric Video),qVdPh2cBTN0,flora cash,You're Somebody Else (Lyric Video)
Avicii - The Nights,UtF6Jej8yb4,Avicii,The Nights
NF - When I Grow Up,lxRwEPvL-mQ,NF,When I Grow Up
KALEO - Way Down We Go (Official Music Video),0-7IHOXkiV8,KALEO,Way Down We Go (Official Music Video)
"Agar Tum Saath Ho FULL AUDIO Song | Tamasha | Ranbir Kapoor, Deepika Padukone | T-Series",sK7riqg2mr4,Unknown,"Agar Tum Saath Ho FULL AUDIO Song | Tamasha | Ranbir Kapoor, Deepika Padukone | T-Series"
Raabta(Kehte Hain Khuda) Lyrics - Arijit Singh | Agent Vinod,ejYNrzoNJpM,Raabta(Kehte Hain Khuda) Lyrics,Arijit Singh | Agent Vinod
"Main Rahoon Ya Na Rahoon Full Video | Emraan Hashmi, Esha Gupta | Amaal Mallik, Armaan Malik",Dp6lbdoprZ0,Unknown,"Main Rahoon Ya Na Rahoon Full Video | Emraan Hashmi, Esha Gupta | Amaal Mallik, Armaan Malik"
Lekali - Samjhana Birsana (Mashup) - Wonderfools (Ruslan Namaste LIVE) (HD) (HUAWEI Namaste TV Show),mbUD4LIeWSc,Lekali,Samjhana Birsana (Mashup) - Wonderfools (Ruslan Namaste LIVE) (HD) (HUAWEI Namaste TV Show)
Rohit John Chettri | Bistarai Bistarai | Official Lyric Video,u1ZJpqnvWiU,Unknown,Rohit John Chettri | Bistarai Bistarai | Official Lyric Video
Sushant KC - Gulabi (Official Lyric Video),QFoPEP-V764,Sushant KC,Gulabi (Official Lyric Video)
Sajjan Raj Vaidya - Phutki Jaaney Jovan  [Official Video],ucOBod97Q_Y,Sajjan Raj Vaidya,Phutki Jaaney Jovan  [Official Video]
Nyano Ghar - Dibesh Pokharel,bMqbADBN0Js,Nyano Ghar,Dibesh Pokharel
Sushant KC - Maya ma (Official Music Video),nBfaj_blvB8,Sushant KC,Maya ma (Official Music Video)
"Sajjan Raj Vaidya - Hataarindai, Bataasindai [Official Release]",Ogr6ygCwRwc,Sajjan Raj Vaidya,"Hataarindai, Bataasindai [Official Release]"
Salil Maharjan - Chitta Bujhaunu w Nikesh Y. Acharya (OFFICIAL LYRIC VIDEO),SHlrdLPgZ9I,Salil Maharjan,Chitta Bujhaunu w Nikesh Y. Acharya (OFFICIAL LYRIC VIDEO)
JP Saxe - If the World Was Ending (Official Video) ft. Julia Michaels,1jO2wSpAoxA,JP Saxe,If the World Was Ending (Official Video) ft. Julia Michaels
"Saturday Nights - Chill out music mix - Khalid, Ali Gatie, Jeremy Zucker...",FA8tl0fsYdI,Saturday Nights,"Chill out music mix - Khalid, Ali Gatie, Jeremy Zucker..."
Lord Huron - The Night We Met (Official Lyric Video),wGF7PswOENQ,Lord Huron,The Night We Met (Official Lyric Video)
Sajjan Raj Vaidya - Chitthi Bhitra [Official Release],GrlAInfP990,Sajjan Raj Vaidya,Chitthi Bhitra [Official Release]
Audrey Mika - Excuses (Lyrics),qUnGaJTNuV4,Audrey Mika,Excuses (Lyrics)
ROSIE - Never the 1 (Lyrics),FLcL-zmePvc,ROSIE,Never the 1 (Lyrics)
Tate McRae - r u ok (Lyrics),hHjQQlVV7M0,Tate McRae,r u ok (Lyrics)
Tate McRae - stupid (Lyrics),og17p75qMEk,Tate McRae,stupid (Lyrics)
Tate McRae - friends don't look at friends that way (Lyrics),r_JiAKQsVRs,Tate McRae,friends don't look at friends that way (Lyrics)
Tate McRae & Ali Gatie - lie to me (Lyrics),TpmR5yii7sI,Tate McRae & Ali Gatie,lie to me (Lyrics)
Tate McRae - you broke me first (Lyrics),QXzC2eiHBG8,Tate McRae,you broke me first (Lyrics)
grover washington jr - just the two of us (TikTok Remix) [Lyrics],ftst0mGzIv8,grover washington jr,just the two of us (TikTok Remix) [Lyrics]
Tove Lo - Talking Body,AzRyxGBGiAE,Tove Lo,Talking Body
